Store,StoreType,Assortment,CompetitionDistance,CompetitionOpenSinceMonth,CompetitionOpenSinceYear,Promo2,Promo2SinceWeek,Promo2SinceYear,PromoInterval
1,c,a,1270.0,9,2008,0,0,0,NoPromo
2,a,a,570.0,11,2007,1,13,2010,"Jan,Apr,Jul,Oct"
3,a,a,14130.0,12,2006,1,14,2011,"Jan,Apr,Jul,Oct"
4,c,c,620.0,9,2009,0,0,0,NoPromo
5,a,a,29910.0,4,2015,0,0,0,NoPromo
6,a,a,310.0,12,2013,0,0,0,NoPromo
7,a,c,24000.0,4,2013,0,0,0,NoPromo
8,a,a,7520.0,10,2014,0,0,0,NoPromo
9,a,c,2030.0,8,2000,0,0,0,NoPromo
10,a,a,3160.0,9,2009,0,0,0,NoPromo
11,a,c,960.0,11,2011,1,1,2012,"Jan,Apr,Jul,Oct"
12,a,c,1070.0,0,0,1,13,2010,"Jan,Apr,Jul,Oct"
13,d,a,310.0,0,0,1,45,2009,"Feb,May,Aug,Nov"
14,a,a,1300.0,3,2014,1,40,2011,"Jan,Apr,Jul,Oct"
15,d,c,4110.0,3,2010,1,14,2011,"Jan,Apr,Jul,Oct"
16,a,c,3270.0,0,0,0,0,0,NoPromo
17,a,a,50.0,12,2005,1,26,2010,"Jan,Apr,Jul,Oct"
18,d,c,13840.0,6,2010,1,14,2012,"Jan,Apr,Jul,Oct"
19,a,c,3240.0,0,0,1,22,2011,"Mar,Jun,Sep,Dec"
20,d,a,2340.0,5,2009,1,40,2014,"Jan,Apr,Jul,Oct"
21,c,c,550.0,10,1999,1,45,2009,"Jan,Apr,Jul,Oct"
22,a,a,1040.0,0,0,1,22,2012,"Jan,Apr,Jul,Oct"
23,d,a,4060.0,8,2005,0,0,0,NoPromo
24,a,c,4590.0,3,2000,1,40,2011,"Jan,Apr,Jul,Oct"
25,c,a,430.0,4,2003,0,0,0,NoPromo
26,d,a,2300.0,0,0,0,0,0,NoPromo
27,a,a,60.0,1,2005,1,5,2011,"Jan,Apr,Jul,Oct"
28,a,a,1200.0,10,2014,1,6,2015,"Mar,Jun,Sep,Dec"
29,d,c,2170.0,0,0,0,0,0,NoPromo
30,a,a,40.0,2,2014,1,10,2014,"Mar,Jun,Sep,Dec"
31,d,c,9800.0,7,2012,0,0,0,NoPromo
32,a,a,2910.0,0,0,1,45,2009,"Feb,May,Aug,Nov"
33,a,c,1320.0,5,2013,0,0,0,NoPromo
34,c,a,2240.0,9,2009,0,0,0,NoPromo
35,d,c,7660.0,10,2000,1,1,2012,"Jan,Apr,Jul,Oct"
36,a,c,540.0,6,2003,1,40,2014,"Jan,Apr,Jul,Oct"
37,c,a,4230.0,12,2014,0,0,0,NoPromo
38,d,a,1090.0,4,2007,0,0,0,NoPromo
39,a,a,260.0,10,2006,1,31,2013,"Feb,May,Aug,Nov"
40,a,a,180.0,0,0,1,45,2009,"Feb,May,Aug,Nov"
41,d,c,1180.0,0,0,1,31,2013,"Jan,Apr,Jul,Oct"
42,a,c,290.0,0,0,1,40,2011,"Jan,Apr,Jul,Oct"
43,d,a,4880.0,0,0,1,37,2009,"Jan,Apr,Jul,Oct"
44,a,a,540.0,6,2011,0,0,0,NoPromo
45,d,a,9710.0,2,2014,0,0,0,NoPromo
46,c,a,1200.0,9,2005,1,14,2011,"Jan,Apr,Jul,Oct"
47,a,c,270.0,4,2013,1,14,2013,"Jan,Apr,Jul,Oct"
48,a,a,1060.0,5,2012,0,0,0,NoPromo
49,d,c,18010.0,9,2007,0,0,0,NoPromo
50,d,a,6260.0,11,2009,0,0,0,NoPromo
51,a,c,10570.0,7,2013,1,9,2011,"Jan,Apr,Jul,Oct"
52,d,c,450.0,4,2014,1,39,2010,"Jan,Apr,Jul,Oct"
53,a,c,30360.0,9,2013,0,0,0,NoPromo
54,d,c,7170.0,8,2014,1,5,2013,"Feb,May,Aug,Nov"
55,a,a,720.0,11,2004,0,0,0,NoPromo
56,d,c,6620.0,3,2012,1,10,2014,"Mar,Jun,Sep,Dec"
57,d,c,420.0,6,2014,0,0,0,NoPromo
58,a,c,7340.0,5,2008,1,27,2012,"Jan,Apr,Jul,Oct"
59,a,c,2840.0,6,2007,1,14,2011,"Jan,Apr,Jul,Oct"
60,d,c,5540.0,10,2009,0,0,0,NoPromo
61,a,c,350.0,12,2007,1,1,2012,"Jan,Apr,Jul,Oct"
62,a,a,2050.0,0,0,0,0,0,NoPromo
63,c,c,3700.0,6,2010,1,18,2010,"Feb,May,Aug,Nov"
64,d,c,22560.0,0,0,1,14,2013,"Jan,Apr,Jul,Oct"
65,a,c,13840.0,5,2010,1,1,2012,"Jan,Apr,Jul,Oct"
66,d,a,7660.0,0,0,1,37,2009,"Jan,Apr,Jul,Oct"
67,a,c,410.0,2,2006,0,0,0,NoPromo
68,a,c,250.0,0,0,1,35,2012,"Mar,Jun,Sep,Dec"
69,c,c,1130.0,0,0,1,40,2011,"Jan,Apr,Jul,Oct"
70,c,c,4840.0,0,0,0,0,0,NoPromo
71,a,a,17500.0,8,2008,1,37,2009,"Mar,Jun,Sep,Dec"
72,a,a,2200.0,12,2009,1,13,2010,"Jan,Apr,Jul,Oct"
73,a,c,1650.0,9,2008,0,0,0,NoPromo
74,a,a,330.0,0,0,0,0,0,NoPromo
75,d,c,22440.0,12,2013,0,0,0,NoPromo
76,d,c,19960.0,3,2006,0,0,0,NoPromo
77,d,c,1090.0,8,2009,1,10,2014,"Jan,Apr,Jul,Oct"
78,a,a,3510.0,11,2006,1,5,2013,"Feb,May,Aug,Nov"
79,a,a,3320.0,0,0,0,0,0,NoPromo
80,d,a,7910.0,0,0,0,0,0,NoPromo
81,a,a,2370.0,3,2011,1,40,2014,"Jan,Apr,Jul,Oct"
82,a,a,22390.0,4,2008,1,37,2009,"Jan,Apr,Jul,Oct"
83,a,a,2710.0,0,0,0,0,0,NoPromo
84,a,c,11810.0,8,2014,0,0,0,NoPromo
85,b,a,1870.0,10,2011,0,0,0,NoPromo
86,a,a,480.0,2,2005,1,31,2013,"Jan,Apr,Jul,Oct"
87,a,a,560.0,12,2010,0,0,0,NoPromo
88,a,a,10690.0,10,2005,0,0,0,NoPromo
89,a,a,2380.0,7,2004,1,40,2014,"Jan,Apr,Jul,Oct"
90,a,a,330.0,11,2007,0,0,0,NoPromo
91,c,a,2410.0,0,0,1,35,2011,"Jan,Apr,Jul,Oct"
92,c,a,240.0,0,0,1,45,2009,"Feb,May,Aug,Nov"
93,a,a,16690.0,0,0,1,14,2011,"Jan,Apr,Jul,Oct"
94,d,c,14620.0,0,0,0,0,0,NoPromo
95,a,a,1890.0,10,2014,0,0,0,NoPromo
96,a,a,8780.0,2,2005,1,37,2009,"Jan,Apr,Jul,Oct"
97,d,c,8980.0,0,0,0,0,0,NoPromo
98,d,c,15140.0,12,2006,1,1,2012,"Jan,Apr,Jul,Oct"
99,c,c,2030.0,11,2003,1,22,2012,"Mar,Jun,Sep,Dec"
100,d,a,17930.0,0,0,0,0,0,NoPromo
101,d,c,2440.0,0,0,1,22,2012,"Mar,Jun,Sep,Dec"
102,a,a,150.0,12,2007,1,10,2014,"Mar,Jun,Sep,Dec"
103,d,c,5210.0,5,2015,0,0,0,NoPromo
104,a,a,390.0,6,2009,0,0,0,NoPromo
105,a,c,6190.0,0,0,1,23,2013,"Mar,Jun,Sep,Dec"
106,a,a,1390.0,8,2013,0,0,0,NoPromo
107,a,a,1930.0,9,2009,0,0,0,NoPromo
108,d,c,2190.0,9,2003,0,0,0,NoPromo
109,a,c,3300.0,11,2010,0,0,0,NoPromo
110,a,c,46590.0,4,2013,0,0,0,NoPromo
111,d,c,7890.0,0,0,1,37,2009,"Jan,Apr,Jul,Oct"
112,a,a,1630.0,9,2009,0,0,0,NoPromo
113,d,c,20930.0,11,1999,0,0,0,NoPromo
114,c,a,4510.0,0,0,1,48,2011,"Mar,Jun,Sep,Dec"
115,d,c,5740.0,4,2007,1,40,2014,"Jan,Apr,Jul,Oct"
116,a,a,680.0,4,2013,0,0,0,NoPromo
117,a,a,3450.0,9,2011,0,0,0,NoPromo
118,d,c,3580.0,9,2012,0,0,0,NoPromo
119,a,c,2100.0,2,2010,0,0,0,NoPromo
120,d,a,2290.0,12,2014,1,37,2009,"Jan,Apr,Jul,Oct"
121,a,a,3570.0,11,2009,1,36,2013,"Mar,Jun,Sep,Dec"
122,a,c,58260.0,4,2013,0,0,0,NoPromo
123,a,a,16760.0,9,2011,0,0,0,NoPromo
124,a,a,1410.0,4,2003,0,0,0,NoPromo
125,a,a,760.0,12,2005,0,0,0,NoPromo
126,d,a,3370.0,10,2014,1,18,2011,"Feb,May,Aug,Nov"
127,d,a,1350.0,12,2005,1,13,2010,"Jan,Apr,Jul,Oct"
128,d,c,2000.0,0,0,1,1,2013,"Jan,Apr,Jul,Oct"
129,a,a,2460.0,0,0,1,14,2011,"Jan,Apr,Jul,Oct"
130,c,a,900.0,0,0,1,13,2010,"Jan,Apr,Jul,Oct"
131,c,a,920.0,7,2015,0,0,0,NoPromo
132,d,c,1040.0,0,0,1,27,2012,"Jan,Apr,Jul,Oct"
133,a,a,270.0,8,2013,1,10,2014,"Mar,Jun,Sep,Dec"
134,a,a,1200.0,9,2008,0,0,0,NoPromo
135,d,a,5190.0,0,0,1,1,2013,"Jan,Apr,Jul,Oct"
136,a,c,2200.0,12,2010,1,22,2012,"Feb,May,Aug,Nov"
137,a,a,1730.0,7,2015,1,40,2014,"Jan,Apr,Jul,Oct"
138,a,c,25360.0,10,2014,0,0,0,NoPromo
139,a,a,1700.0,1,2008,1,14,2011,"Jan,Apr,Jul,Oct"
140,a,c,1090.0,7,2010,1,1,2013,"Jan,Apr,Jul,Oct"
141,c,c,1540.0,0,0,1,22,2012,"Mar,Jun,Sep,Dec"
142,a,a,1090.0,7,2002,0,0,0,NoPromo
143,d,a,2930.0,12,2002,0,0,0,NoPromo
144,a,c,16570.0,0,0,0,0,0,NoPromo
145,a,a,280.0,0,0,1,45,2009,"Feb,May,Aug,Nov"
146,d,c,8050.0,10,1961,1,48,2012,"Jan,Apr,Jul,Oct"
147,d,c,8540.0,0,0,0,0,0,NoPromo
148,a,a,2090.0,12,2008,0,0,0,NoPromo
149,d,a,2610.0,7,2006,1,14,2011,"Jan,Apr,Jul,Oct"
150,c,c,31830.0,3,2010,0,0,0,NoPromo
151,d,c,4360.0,10,2005,0,0,0,NoPromo
152,a,a,1780.0,0,0,0,0,0,NoPromo
153,a,a,16240.0,10,2000,1,18,2011,"Feb,May,Aug,Nov"
154,d,c,16420.0,0,0,0,0,0,NoPromo
155,d,a,3050.0,0,0,1,35,2010,"Jan,Apr,Jul,Oct"
156,a,a,2020.0,2,2011,1,14,2011,"Mar,Jun,Sep,Dec"
157,a,c,2950.0,10,2004,0,0,0,NoPromo
158,d,c,11840.0,0,0,1,31,2009,"Feb,May,Aug,Nov"
159,d,a,8530.0,3,2013,0,0,0,NoPromo
160,d,c,17110.0,11,2005,0,0,0,NoPromo
161,a,c,2970.0,3,2005,0,0,0,NoPromo
162,d,c,5340.0,3,2012,1,13,2010,"Jan,Apr,Jul,Oct"
163,a,a,1480.0,4,2009,0,0,0,NoPromo
164,a,a,1160.0,9,2005,1,13,2010,"Jan,Apr,Jul,Oct"
165,a,a,3720.0,4,2005,1,13,2010,"Jan,Apr,Jul,Oct"
166,a,c,100.0,4,2014,1,31,2013,"Jan,Apr,Jul,Oct"
167,a,a,140.0,4,2008,0,0,0,NoPromo
168,a,a,12540.0,0,0,0,0,0,NoPromo
169,d,a,980.0,7,2014,1,18,2014,"Feb,May,Aug,Nov"
170,a,a,1070.0,5,2015,1,14,2011,"Jan,Apr,Jul,Oct"
171,a,a,2640.0,0,0,0,0,0,NoPromo
172,a,a,110.0,0,0,1,40,2014,"Jan,Apr,Jul,Oct"
173,a,a,350.0,12,2012,0,0,0,NoPromo
174,a,a,13090.0,0,0,1,22,2012,"Jan,Apr,Jul,Oct"
175,c,a,4130.0,0,0,0,0,0,NoPromo
176,a,a,3770.0,0,0,0,0,0,NoPromo
177,a,a,1250.0,2,2004,1,5,2013,"Feb,May,Aug,Nov"
178,d,a,1710.0,0,0,0,0,0,NoPromo
179,a,c,480.0,0,0,0,0,0,NoPromo
180,d,a,5800.0,9,2010,0,0,0,NoPromo
181,a,a,12610.0,3,2013,1,14,2011,"Jan,Apr,Jul,Oct"
182,d,c,1390.0,0,0,1,9,2011,"Mar,Jun,Sep,Dec"
183,a,a,9670.0,0,0,0,0,0,NoPromo
184,d,c,3560.0,0,0,0,0,0,NoPromo
185,d,c,1860.0,5,2015,0,0,0,NoPromo
186,a,a,290.0,10,2011,1,40,2014,"Jan,Apr,Jul,Oct"
187,a,c,19360.0,0,0,0,0,0,NoPromo
188,d,a,850.0,0,0,1,18,2011,"Feb,May,Aug,Nov"
189,d,a,5760.0,7,2014,0,0,0,NoPromo
190,a,a,1470.0,12,2006,1,40,2014,"Jan,Apr,Jul,Oct"
191,a,a,1100.0,8,2013,1,40,2014,"Jan,Apr,Jul,Oct"
192,d,c,2770.0,3,2008,1,40,2014,"Jan,Apr,Jul,Oct"
193,a,a,520.0,0,0,0,0,0,NoPromo
194,d,c,16970.0,0,0,1,5,2013,"Feb,May,Aug,Nov"
195,a,c,220.0,0,0,0,0,0,NoPromo
196,c,a,3850.0,11,2005,1,14,2011,"Jan,Apr,Jul,Oct"
197,c,a,4210.0,3,2015,0,0,0,NoPromo
198,a,a,290.0,9,2002,1,13,2010,"Jan,Apr,Jul,Oct"
199,d,c,6360.0,12,2010,1,14,2012,"Mar,Jun,Sep,Dec"
200,a,a,1650.0,10,2000,0,0,0,NoPromo
201,d,a,20260.0,0,0,1,18,2014,"Mar,Jun,Sep,Dec"
202,d,c,5140.0,5,2010,0,0,0,NoPromo
203,c,c,490.0,11,2002,0,0,0,NoPromo
204,a,a,5630.0,12,2002,1,40,2014,"Jan,Apr,Jul,Oct"
205,a,a,110.0,12,2007,0,0,0,NoPromo
206,a,c,380.0,0,0,1,14,2012,"Jan,Apr,Jul,Oct"
207,a,a,6870.0,0,0,0,0,0,NoPromo
208,c,a,300.0,4,2006,0,0,0,NoPromo
209,a,c,11680.0,9,2011,1,31,2013,"Jan,Apr,Jul,Oct"
210,d,a,970.0,11,1999,1,5,2013,"Feb,May,Aug,Nov"
211,a,c,350.0,11,2006,0,0,0,NoPromo
212,a,c,15050.0,9,2008,0,0,0,NoPromo
213,d,c,4030.0,3,2014,1,1,2014,"Jan,Apr,Jul,Oct"
214,d,a,8650.0,7,2013,1,10,2014,"Jan,Apr,Jul,Oct"
215,d,a,150.0,0,0,1,45,2009,"Feb,May,Aug,Nov"
216,c,a,190.0,0,0,1,45,2009,"Feb,May,Aug,Nov"
217,c,a,3150.0,0,0,0,0,0,NoPromo
218,a,c,640.0,0,0,1,9,2011,"Mar,Jun,Sep,Dec"
219,a,a,1640.0,2,2013,0,0,0,NoPromo
220,a,a,1000.0,9,2008,0,0,0,NoPromo
221,d,c,13530.0,9,2013,0,0,0,NoPromo
222,a,a,2170.0,11,2008,0,0,0,NoPromo
223,d,c,2920.0,10,1995,1,27,2011,"Jan,Apr,Jul,Oct"
224,d,c,7930.0,0,0,1,1,2013,"Jan,Apr,Jul,Oct"
225,d,a,10180.0,5,2015,0,0,0,NoPromo
226,a,a,450.0,0,0,0,0,0,NoPromo
227,a,a,2370.0,0,0,0,0,0,NoPromo
228,d,c,10800.0,0,0,1,18,2011,"Feb,May,Aug,Nov"
229,d,c,17410.0,4,2007,1,14,2011,"Jan,Apr,Jul,Oct"
230,d,c,6680.0,9,2013,0,0,0,NoPromo
231,d,c,3840.0,10,2008,1,39,2010,"Feb,May,Aug,Nov"
232,c,c,13570.0,5,2010,1,10,2013,"Mar,Jun,Sep,Dec"
233,a,a,1890.0,0,0,0,0,0,NoPromo
234,d,a,4370.0,0,0,0,0,0,NoPromo
235,a,a,5710.0,3,2012,1,37,2009,"Jan,Apr,Jul,Oct"
236,a,a,1000.0,11,2007,0,0,0,NoPromo
237,a,a,1420.0,11,2007,0,0,0,NoPromo
238,a,a,320.0,0,0,1,45,2009,"Feb,May,Aug,Nov"
239,d,c,610.0,0,0,0,0,0,NoPromo
240,a,a,1110.0,5,2009,0,0,0,NoPromo
241,d,c,780.0,0,0,0,0,0,NoPromo
242,d,a,6880.0,9,2001,1,14,2011,"Jan,Apr,Jul,Oct"
243,a,a,310.0,0,0,1,5,2013,"Feb,May,Aug,Nov"
244,d,a,710.0,3,2012,1,1,2012,"Jan,Apr,Jul,Oct"
245,a,c,1310.0,0,0,0,0,0,NoPromo
246,c,a,4660.0,4,2013,0,0,0,NoPromo
247,d,c,70.0,11,2010,1,5,2013,"Feb,May,Aug,Nov"
248,a,c,340.0,9,2012,1,40,2012,"Jan,Apr,Jul,Oct"
249,d,c,18010.0,9,2014,0,0,0,NoPromo
250,d,a,3520.0,0,0,1,18,2012,"Feb,May,Aug,Nov"
251,a,c,340.0,0,0,0,0,0,NoPromo
252,d,c,22330.0,0,0,1,5,2010,"Feb,May,Aug,Nov"
253,a,c,250.0,0,0,1,5,2013,"Feb,May,Aug,Nov"
254,d,a,330.0,3,2008,1,1,2012,"Mar,Jun,Sep,Dec"
255,c,c,4630.0,3,2011,1,35,2011,"Feb,May,Aug,Nov"
256,a,c,80.0,9,2005,1,10,2014,"Mar,Jun,Sep,Dec"
257,a,a,420.0,12,2012,0,0,0,NoPromo
258,a,a,27190.0,7,2010,1,37,2009,"Jan,Apr,Jul,Oct"
259,b,b,210.0,0,0,0,0,0,NoPromo
260,a,a,540.0,10,2011,0,0,0,NoPromo
261,d,c,15340.0,4,2015,1,39,2009,"Jan,Apr,Jul,Oct"
262,b,a,1180.0,5,2013,0,0,0,NoPromo
263,a,c,1140.0,5,2013,1,40,2014,"Jan,Apr,Jul,Oct"
264,a,a,180.0,3,2014,0,0,0,NoPromo
265,a,a,4580.0,0,0,1,14,2015,"Jan,Apr,Jul,Oct"
266,a,c,360.0,3,2014,1,9,2011,"Mar,Jun,Sep,Dec"
267,c,a,2460.0,1,2012,0,0,0,NoPromo
268,a,a,4520.0,2,2014,0,0,0,NoPromo
269,a,c,60.0,6,2015,0,0,0,NoPromo
270,a,a,1450.0,7,2014,0,0,0,NoPromo
271,a,a,420.0,0,0,1,14,2011,"Jan,Apr,Jul,Oct"
272,a,a,16180.0,7,2003,1,14,2011,"Jan,Apr,Jul,Oct"
273,a,c,8480.0,0,0,0,0,0,NoPromo
274,b,b,3640.0,0,0,1,10,2013,"Jan,Apr,Jul,Oct"
275,d,a,300.0,5,2014,1,40,2014,"Jan,Apr,Jul,Oct"
276,a,a,2960.0,10,2014,1,36,2013,"Mar,Jun,Sep,Dec"
277,d,c,7840.0,0,0,1,31,2009,"Feb,May,Aug,Nov"
278,a,c,9260.0,2,2010,0,0,0,NoPromo
279,d,c,2320.0,0,0,1,40,2012,"Jan,Apr,Jul,Oct"
280,d,c,18640.0,9,2013,1,10,2014,"Mar,Jun,Sep,Dec"
281,d,c,6970.0,9,2011,0,0,0,NoPromo
282,a,a,1220.0,12,2010,0,0,0,NoPromo
283,a,a,2260.0,0,0,1,40,2014,"Jan,Apr,Jul,Oct"
284,d,a,1290.0,0,0,1,40,2014,"Jan,Apr,Jul,Oct"
285,a,a,2410.0,0,0,0,0,0,NoPromo
286,a,a,1460.0,4,2015,0,0,0,NoPromo
287,c,a,2740.0,5,2009,1,40,2014,"Jan,Apr,Jul,Oct"
288,d,a,800.0,0,0,1,14,2011,"Mar,Jun,Sep,Dec"
289,d,a,6540.0,12,2007,0,0,0,NoPromo
290,a,a,4150.0,5,2001,0,0,0,NoPromo
291,d,a,2325.0,0,0,0,0,0,NoPromo
292,a,a,1100.0,6,2009,0,0,0,NoPromo
293,c,c,140.0,11,2007,0,0,0,NoPromo
294,a,a,3150.0,5,2005,0,0,0,NoPromo
295,a,a,210.0,11,2000,1,36,2013,"Mar,Jun,Sep,Dec"
296,a,a,9580.0,5,2007,1,45,2014,"Feb,May,Aug,Nov"
297,a,a,2300.0,9,2010,0,0,0,NoPromo
298,d,a,19840.0,7,2009,0,0,0,NoPromo
299,d,c,38630.0,9,2012,0,0,0,NoPromo
300,a,c,120.0,4,2009,1,1,2012,"Jan,Apr,Jul,Oct"
301,a,c,4510.0,3,2015,0,0,0,NoPromo
302,d,c,2190.0,12,2007,1,9,2011,"Mar,Jun,Sep,Dec"
303,a,a,15430.0,11,2012,1,18,2011,"Feb,May,Aug,Nov"
304,a,a,1950.0,7,2015,0,0,0,NoPromo
305,c,c,2470.0,2,2005,1,31,2013,"Mar,Jun,Sep,Dec"
306,a,a,5100.0,4,2007,1,40,2014,"Jan,Apr,Jul,Oct"
307,a,a,18660.0,9,2002,0,0,0,NoPromo
308,a,a,1070.0,12,2006,1,13,2010,"Jan,Apr,Jul,Oct"
309,d,a,8740.0,0,0,1,37,2009,"Feb,May,Aug,Nov"
310,a,c,2290.0,0,0,1,10,2014,"Mar,Jun,Sep,Dec"
311,a,c,680.0,7,2005,0,0,0,NoPromo
312,d,a,11300.0,3,2012,0,0,0,NoPromo
313,d,c,14160.0,0,0,0,0,0,NoPromo
314,a,a,3560.0,10,2001,1,31,2013,"Feb,May,Aug,Nov"
315,a,c,38710.0,4,2013,0,0,0,NoPromo
316,d,a,9000.0,8,2001,0,0,0,NoPromo
317,d,a,3140.0,7,2013,1,14,2011,"Jan,Apr,Jul,Oct"
318,d,c,32330.0,3,2014,0,0,0,NoPromo
319,a,c,570.0,9,2012,1,27,2012,"Mar,Jun,Sep,Dec"
320,a,c,210.0,9,2012,0,0,0,NoPromo
321,c,c,8140.0,11,2013,1,10,2014,"Mar,Jun,Sep,Dec"
322,a,a,17500.0,4,2001,1,37,2009,"Jan,Apr,Jul,Oct"
323,d,c,8400.0,4,2012,1,5,2013,"Feb,May,Aug,Nov"
324,a,a,13140.0,0,0,1,14,2011,"Jan,Apr,Jul,Oct"
325,a,c,350.0,3,2011,1,22,2011,"Feb,May,Aug,Nov"
326,d,a,10070.0,5,2015,1,31,2013,"Feb,May,Aug,Nov"
327,c,c,1390.0,12,2004,0,0,0,NoPromo
328,a,a,3130.0,7,2002,0,0,0,NoPromo
329,a,a,1310.0,6,1990,1,22,2012,"Mar,Jun,Sep,Dec"
330,a,c,370.0,0,0,1,22,2012,"Mar,Jun,Sep,Dec"
331,a,c,670.0,0,0,1,14,2015,"Jan,Apr,Jul,Oct"
332,a,a,1840.0,3,2006,0,0,0,NoPromo
333,a,c,3720.0,2,2010,0,0,0,NoPromo
334,d,c,4040.0,8,2008,1,18,2013,"Mar,Jun,Sep,Dec"
335,b,a,90.0,0,0,1,31,2013,"Jan,Apr,Jul,Oct"
336,a,a,190.0,7,2014,0,0,0,NoPromo
337,d,c,10600.0,7,2005,1,45,2014,"Feb,May,Aug,Nov"
338,a,c,1590.0,0,0,1,37,2009,"Jan,Apr,Jul,Oct"
339,a,c,2280.0,0,0,1,10,2013,"Mar,Jun,Sep,Dec"
340,a,c,8080.0,0,0,0,0,0,NoPromo
341,a,a,190.0,9,2011,0,0,0,NoPromo
342,d,c,15770.0,0,0,1,40,2014,"Jan,Apr,Jul,Oct"
343,d,a,18650.0,4,2004,1,14,2014,"Jan,Apr,Jul,Oct"
344,a,c,300.0,4,2011,1,14,2011,"Jan,Apr,Jul,Oct"
345,a,a,120.0,0,0,1,22,2012,"Jan,Apr,Jul,Oct"
346,a,c,8090.0,0,0,0,0,0,NoPromo
347,d,c,9360.0,7,2013,1,22,2012,"Mar,Jun,Sep,Dec"
348,a,a,16490.0,0,0,1,22,2012,"Jan,Apr,Jul,Oct"
349,c,c,1490.0,4,2009,0,0,0,NoPromo
350,d,a,8880.0,0,0,1,14,2011,"Jan,Apr,Jul,Oct"
351,a,a,5290.0,11,2012,1,5,2013,"Feb,May,Aug,Nov"
352,d,c,6360.0,0,0,1,40,2012,"Mar,Jun,Sep,Dec"
353,b,b,900.0,0,0,1,14,2013,"Feb,May,Aug,Nov"
354,d,c,1500.0,10,2005,0,0,0,NoPromo
355,a,c,9720.0,8,2013,0,0,0,NoPromo
356,d,c,8970.0,12,2007,1,22,2012,"Feb,May,Aug,Nov"
357,a,a,2060.0,10,2008,0,0,0,NoPromo
358,a,a,2890.0,10,2003,0,0,0,NoPromo
359,d,c,4370.0,0,0,0,0,0,NoPromo
360,a,a,2040.0,6,2007,0,0,0,NoPromo
361,c,c,4490.0,5,2014,1,5,2013,"Feb,May,Aug,Nov"
362,c,c,340.0,0,0,0,0,0,NoPromo
363,a,a,250.0,9,2009,0,0,0,NoPromo
364,a,c,13620.0,0,0,1,10,2014,"Mar,Jun,Sep,Dec"
365,c,a,2410.0,0,0,1,45,2009,"Feb,May,Aug,Nov"
366,d,c,6470.0,12,2004,0,0,0,NoPromo
367,d,c,2640.0,9,2012,0,0,0,NoPromo
368,d,c,1450.0,4,2005,1,45,2009,"Feb,May,Aug,Nov"
369,d,c,5870.0,4,2014,0,0,0,NoPromo
370,d,a,8250.0,10,2000,1,31,2009,"Jan,Apr,Jul,Oct"
371,d,c,1970.0,7,2009,1,45,2014,"Feb,May,Aug,Nov"
372,d,c,4880.0,8,2010,1,18,2014,"Jan,Apr,Jul,Oct"
373,d,c,11120.0,0,0,1,22,2012,"Jan,Apr,Jul,Oct"
374,a,a,1150.0,9,2007,0,0,0,NoPromo
375,a,c,15710.0,2,2013,1,37,2009,"Jan,Apr,Jul,Oct"
376,a,a,160.0,8,2012,0,0,0,NoPromo
377,a,c,100.0,6,2010,1,18,2010,"Feb,May,Aug,Nov"
378,a,c,2140.0,8,2012,0,0,0,NoPromo
379,d,a,6630.0,0,0,0,0,0,NoPromo
380,a,a,2240.0,5,2013,1,10,2014,"Mar,Jun,Sep,Dec"
381,a,a,1800.0,11,2006,1,5,2013,"Feb,May,Aug,Nov"
382,c,c,26130.0,11,2002,0,0,0,NoPromo
383,a,c,350.0,0,0,0,0,0,NoPromo
384,a,c,130.0,0,0,1,14,2011,"Jan,Apr,Jul,Oct"
385,d,a,4580.0,9,2007,0,0,0,NoPromo
386,d,c,1460.0,4,2014,1,31,2013,"Jan,Apr,Jul,Oct"
387,c,a,210.0,0,0,1,36,2013,"Mar,Jun,Sep,Dec"
388,a,a,2260.0,0,0,0,0,0,NoPromo
389,a,c,6690.0,8,2011,0,0,0,NoPromo
390,a,c,1600.0,4,2009,0,0,0,NoPromo
391,a,a,460.0,11,2014,1,31,2013,"Feb,May,Aug,Nov"
392,a,a,2120.0,0,0,0,0,0,NoPromo
393,d,c,4820.0,3,2008,0,0,0,NoPromo
394,d,a,10850.0,0,0,0,0,0,NoPromo
395,a,a,3620.0,2,2013,0,0,0,NoPromo
396,a,c,23130.0,0,0,0,0,0,NoPromo
397,a,c,130.0,0,0,1,27,2013,"Feb,May,Aug,Nov"
398,c,c,1540.0,0,0,1,1,2012,"Jan,Apr,Jul,Oct"
399,a,a,5360.0,9,2012,1,40,2011,"Jan,Apr,Jul,Oct"
400,a,a,70.0,11,2004,1,14,2011,"Jan,Apr,Jul,Oct"
401,a,c,9200.0,10,2009,1,14,2012,"Jan,Apr,Jul,Oct"
402,c,c,5830.0,9,2011,1,13,2010,"Jan,Apr,Jul,Oct"
403,a,a,4970.0,7,2015,0,0,0,NoPromo
404,a,c,1420.0,0,0,1,10,2013,"Mar,Jun,Sep,Dec"
405,a,a,1080.0,4,2008,1,14,2011,"Jan,Apr,Jul,Oct"
406,d,c,8240.0,3,2001,1,10,2013,"Feb,May,Aug,Nov"
407,a,a,5890.0,10,2003,1,14,2011,"Feb,May,Aug,Nov"
408,c,a,1560.0,0,0,1,45,2009,"Feb,May,Aug,Nov"
409,d,c,840.0,0,0,1,1,2013,"Jan,Apr,Jul,Oct"
410,c,a,40.0,11,2011,1,22,2012,"Mar,Jun,Sep,Dec"
411,d,c,8460.0,0,0,0,0,0,NoPromo
412,d,c,4460.0,0,0,1,39,2010,"Jan,Apr,Jul,Oct"
413,a,c,760.0,9,2014,0,0,0,NoPromo
414,d,c,6210.0,0,0,1,1,2013,"Jan,Apr,Jul,Oct"
415,d,c,6910.0,4,2005,0,0,0,NoPromo
416,a,c,4650.0,6,2014,0,0,0,NoPromo
417,a,c,840.0,0,0,1,10,2014,"Jan,Apr,Jul,Oct"
418,a,a,1060.0,5,2009,1,27,2011,"Feb,May,Aug,Nov"
419,c,a,1620.0,9,2009,0,0,0,NoPromo
420,d,c,250.0,0,0,1,27,2012,"Jan,Apr,Jul,Oct"
421,c,c,3530.0,6,2012,1,35,2012,"Mar,Jun,Sep,Dec"
422,a,c,2880.0,0,0,0,0,0,NoPromo
423,b,a,1270.0,5,2014,0,0,0,NoPromo
424,d,c,1250.0,0,0,1,40,2011,"Jan,Apr,Jul,Oct"
425,d,c,1460.0,0,0,0,0,0,NoPromo
426,a,a,250.0,0,0,0,0,0,NoPromo
427,a,c,70.0,7,2005,1,13,2010,"Jan,Apr,Jul,Oct"
428,d,a,2960.0,12,2014,1,23,2015,"Mar,Jun,Sep,Dec"
429,d,c,16350.0,7,2005,1,31,2013,"Jan,Apr,Jul,Oct"
430,d,c,12870.0,10,2008,0,0,0,NoPromo
431,d,c,4520.0,0,0,0,0,0,NoPromo
432,a,a,810.0,5,2013,0,0,0,NoPromo
433,a,c,30030.0,11,2010,0,0,0,NoPromo
434,a,a,13020.0,8,2003,1,40,2014,"Jan,Apr,Jul,Oct"
435,a,a,910.0,0,0,0,0,0,NoPromo
436,d,a,2300.0,0,0,0,0,0,NoPromo
437,c,c,430.0,0,0,1,50,2010,"Jan,Apr,Jul,Oct"
438,d,c,1110.0,0,0,1,40,2012,"Jan,Apr,Jul,Oct"
439,a,a,1350.0,9,2009,0,0,0,NoPromo
440,d,a,3900.0,4,2005,1,45,2009,"Feb,May,Aug,Nov"
441,d,a,2530.0,0,0,0,0,0,NoPromo
442,c,a,500.0,0,0,1,45,2009,"Feb,May,Aug,Nov"
443,d,a,11400.0,12,2005,0,0,0,NoPromo
444,c,a,1700.0,11,2009,0,0,0,NoPromo
445,a,a,240.0,0,0,0,0,0,NoPromo
446,a,a,340.0,10,2000,1,31,2013,"Feb,May,Aug,Nov"
447,a,c,1510.0,9,2013,0,0,0,NoPromo
448,a,c,3970.0,9,2009,0,0,0,NoPromo
449,a,c,120.0,12,2014,1,37,2009,"Jan,Apr,Jul,Oct"
450,c,a,5780.0,11,1994,1,10,2014,"Mar,Jun,Sep,Dec"
451,a,a,2460.0,4,2009,1,13,2010,"Jan,Apr,Jul,Oct"
452,a,c,1850.0,8,2013,1,5,2011,"Feb,May,Aug,Nov"
453,a,c,75860.0,0,0,0,0,0,NoPromo
454,a,a,26450.0,0,0,0,0,0,NoPromo
455,d,c,7660.0,9,2010,0,0,0,NoPromo
456,a,c,140.0,0,0,0,0,0,NoPromo
457,d,c,13140.0,0,0,1,31,2013,"Jan,Apr,Jul,Oct"
458,c,a,3390.0,0,0,0,0,0,NoPromo
459,a,a,250.0,9,2008,1,5,2013,"Feb,May,Aug,Nov"
460,a,a,34050.0,4,2008,0,0,0,NoPromo
461,d,c,1790.0,7,2013,1,40,2013,"Jan,Apr,Jul,Oct"
462,a,a,44320.0,8,2008,0,0,0,NoPromo
463,a,a,4160.0,0,0,0,0,0,NoPromo
464,c,a,520.0,3,2009,0,0,0,NoPromo
465,d,c,10890.0,4,2005,0,0,0,NoPromo
466,a,c,3110.0,3,2003,0,0,0,NoPromo
467,a,c,20390.0,4,2008,0,0,0,NoPromo
468,c,c,5260.0,9,2012,0,0,0,NoPromo
469,c,c,710.0,9,2005,0,0,0,NoPromo
470,a,c,50.0,0,0,0,0,0,NoPromo
471,d,a,5300.0,0,0,1,45,2009,"Feb,May,Aug,Nov"
472,c,c,5030.0,8,2011,0,0,0,NoPromo
473,a,a,50.0,0,0,0,0,0,NoPromo
474,c,a,14810.0,0,0,1,14,2011,"Mar,Jun,Sep,Dec"
475,a,a,140.0,9,2005,0,0,0,NoPromo
476,d,a,8300.0,9,2006,0,0,0,NoPromo
477,d,a,770.0,7,2010,1,35,2010,"Jan,Apr,Jul,Oct"
478,d,c,1940.0,3,2012,0,0,0,NoPromo
479,a,a,320.0,12,2005,1,9,2011,"Feb,May,Aug,Nov"
480,a,a,300.0,11,2012,0,0,0,NoPromo
481,c,c,7470.0,0,0,1,44,2012,"Feb,May,Aug,Nov"
482,c,a,2550.0,10,2005,0,0,0,NoPromo
483,a,c,2310.0,9,2011,1,13,2010,"Jan,Apr,Jul,Oct"
484,a,c,14300.0,3,2011,0,0,0,NoPromo
485,d,c,3270.0,0,0,1,22,2012,"Jan,Apr,Jul,Oct"
486,a,a,2320.0,0,0,1,31,2013,"Jan,Apr,Jul,Oct"
487,d,c,2180.0,9,2012,1,40,2012,"Jan,Apr,Jul,Oct"
488,a,c,2890.0,4,2014,0,0,0,NoPromo
489,a,a,14960.0,11,2013,1,37,2009,"Jan,Apr,Jul,Oct"
490,a,a,660.0,4,2013,1,40,2014,"Jan,Apr,Jul,Oct"
491,d,c,4680.0,0,0,1,22,2012,"Mar,Jun,Sep,Dec"
492,a,a,1740.0,3,2008,1,40,2012,"Jan,Apr,Jul,Oct"
493,d,c,1150.0,0,0,1,14,2011,"Jan,Apr,Jul,Oct"
494,b,a,1260.0,6,2011,0,0,0,NoPromo
495,d,a,5470.0,0,0,1,37,2009,"Jan,Apr,Jul,Oct"
496,d,c,2780.0,6,2015,0,0,0,NoPromo
497,a,c,1610.0,0,0,0,0,0,NoPromo
498,a,a,990.0,0,0,1,40,2014,"Jan,Apr,Jul,Oct"
499,c,c,450.0,0,0,1,5,2013,"Feb,May,Aug,Nov"
500,d,c,10690.0,9,2007,1,5,2013,"Jan,Apr,Jul,Oct"
501,a,c,1620.0,9,2006,0,0,0,NoPromo
502,a,a,220.0,2,2002,1,37,2009,"Jan,Apr,Jul,Oct"
503,d,c,13080.0,9,2006,1,14,2011,"Jan,Apr,Jul,Oct"
504,c,c,820.0,0,0,0,0,0,NoPromo
505,a,a,350.0,0,0,1,5,2013,"Feb,May,Aug,Nov"
506,a,a,1850.0,12,2014,1,18,2011,"Feb,May,Aug,Nov"
507,a,c,9070.0,4,2011,1,37,2009,"Jan,Apr,Jul,Oct"
508,a,c,1280.0,0,0,1,40,2011,"Jan,Apr,Jul,Oct"
509,a,a,4740.0,7,2008,1,37,2009,"Jan,Apr,Jul,Oct"
510,a,c,8260.0,0,0,0,0,0,NoPromo
511,a,a,2060.0,9,2009,0,0,0,NoPromo
512,b,b,590.0,0,0,1,5,2013,"Mar,Jun,Sep,Dec"
513,a,a,400.0,8,2013,0,0,0,NoPromo
514,c,c,1200.0,7,2012,1,27,2012,"Jan,Apr,Jul,Oct"
515,d,c,11260.0,0,0,1,9,2011,"Feb,May,Aug,Nov"
516,a,c,20.0,0,0,1,35,2010,"Mar,Jun,Sep,Dec"
517,a,c,22490.0,0,0,0,0,0,NoPromo
518,d,c,3330.0,3,2015,1,13,2010,"Jan,Apr,Jul,Oct"
519,c,c,2510.0,8,2009,1,1,2012,"Jan,Apr,Jul,Oct"
520,a,c,6900.0,0,0,1,40,2012,"Mar,Jun,Sep,Dec"
521,d,a,18610.0,11,2002,1,48,2011,"Mar,Jun,Sep,Dec"
522,d,c,7160.0,11,2012,1,9,2011,"Jan,Apr,Jul,Oct"
523,c,c,50.0,11,2013,0,0,0,NoPromo
524,a,c,40860.0,9,2013,0,0,0,NoPromo
525,d,c,1870.0,9,2013,0,0,0,NoPromo
526,a,a,120.0,0,0,1,48,2011,"Mar,Jun,Sep,Dec"
527,d,c,5830.0,4,2008,0,0,0,NoPromo
528,a,c,20620.0,0,0,1,37,2009,"Jan,Apr,Jul,Oct"
529,d,c,12920.0,9,2012,0,0,0,NoPromo
530,a,c,18160.0,0,0,0,0,0,NoPromo
531,a,c,4030.0,0,0,0,0,0,NoPromo
532,a,c,1070.0,8,2010,0,0,0,NoPromo
533,a,c,5950.0,0,0,0,0,0,NoPromo
534,d,a,1200.0,9,2009,1,45,2009,"Jan,Apr,Jul,Oct"
535,a,a,3570.0,4,2007,0,0,0,NoPromo
536,a,c,4700.0,9,2002,1,31,2013,"Feb,May,Aug,Nov"
537,a,a,600.0,5,2002,1,1,2012,"Jan,Apr,Jul,Oct"
538,a,a,990.0,2,2010,0,0,0,NoPromo
539,a,a,770.0,5,2013,1,40,2014,"Jan,Apr,Jul,Oct"
540,d,c,810.0,0,0,1,48,2012,"Jan,Apr,Jul,Oct"
541,a,c,650.0,7,1990,0,0,0,NoPromo
542,a,a,7280.0,9,2012,1,1,2013,"Jan,Apr,Jul,Oct"
543,c,a,1080.0,12,2012,0,0,0,NoPromo
544,a,a,250.0,12,2001,1,13,2010,"Jan,Apr,Jul,Oct"
545,a,c,5020.0,5,2006,1,18,2014,"Feb,May,Aug,Nov"
546,a,a,580.0,1,2005,0,0,0,NoPromo
547,d,c,8990.0,11,2009,1,35,2010,"Mar,Jun,Sep,Dec"
548,d,c,3760.0,2,2009,0,0,0,NoPromo
549,a,c,2330.0,0,0,0,0,0,NoPromo
550,d,c,50.0,6,2015,0,0,0,NoPromo
551,a,c,2190.0,9,2013,0,0,0,NoPromo
552,a,a,4260.0,7,2008,1,37,2009,"Jan,Apr,Jul,Oct"
553,c,a,3040.0,9,2002,1,13,2010,"Jan,Apr,Jul,Oct"
554,c,c,1200.0,0,0,0,0,0,NoPromo
555,d,a,1560.0,1,2014,1,10,2013,"Mar,Jun,Sep,Dec"
556,d,c,1140.0,11,2014,0,0,0,NoPromo
557,a,a,250.0,0,0,0,0,0,NoPromo
558,a,a,3000.0,2,2010,0,0,0,NoPromo
559,d,a,3910.0,11,2006,1,5,2013,"Feb,May,Aug,Nov"
560,c,c,1910.0,7,2013,0,0,0,NoPromo
561,d,a,14300.0,0,0,0,0,0,NoPromo
562,b,c,1210.0,0,0,0,0,0,NoPromo
563,a,a,700.0,3,2015,1,10,2014,"Jan,Apr,Jul,Oct"
564,d,c,6540.0,0,0,1,14,2013,"Jan,Apr,Jul,Oct"
565,a,c,160.0,7,2007,0,0,0,NoPromo
566,a,a,3620.0,0,0,1,40,2013,"Jan,Apr,Jul,Oct"
567,c,a,1010.0,9,2012,1,18,2011,"Feb,May,Aug,Nov"
568,d,c,4270.0,0,0,1,1,2013,"Jan,Apr,Jul,Oct"
569,a,a,1340.0,9,2006,0,0,0,NoPromo
570,a,a,180.0,11,2006,0,0,0,NoPromo
571,d,a,2110.0,11,1995,1,40,2014,"Jan,Apr,Jul,Oct"
572,d,c,9230.0,4,2004,1,37,2009,"Jan,Apr,Jul,Oct"
573,a,a,1190.0,11,2012,1,36,2013,"Jan,Apr,Jul,Oct"
574,d,a,4400.0,0,0,0,0,0,NoPromo
575,a,a,960.0,5,2008,1,13,2010,"Jan,Apr,Jul,Oct"
576,c,a,50.0,11,2006,0,0,0,NoPromo
577,a,c,2270.0,0,0,1,35,2012,"Mar,Jun,Sep,Dec"
578,d,a,12700.0,4,2013,0,0,0,NoPromo
579,c,a,20970.0,11,2012,0,0,0,NoPromo
580,a,c,170.0,2,2009,0,0,0,NoPromo
581,a,a,7250.0,12,2013,0,0,0,NoPromo
582,a,a,120.0,0,0,0,0,0,NoPromo
583,a,a,2640.0,11,2002,0,0,0,NoPromo
584,d,a,1360.0,0,0,1,35,2010,"Mar,Jun,Sep,Dec"
585,d,c,440.0,4,2014,0,0,0,NoPromo
586,a,c,250.0,10,2008,0,0,0,NoPromo
587,d,c,330.0,9,2006,1,14,2011,"Jan,Apr,Jul,Oct"
588,d,c,15720.0,3,2010,0,0,0,NoPromo
589,a,c,360.0,0,0,1,18,2013,"Feb,May,Aug,Nov"
590,d,c,4520.0,9,2010,1,31,2013,"Jan,Apr,Jul,Oct"
591,a,c,3340.0,0,0,1,22,2012,"Mar,Jun,Sep,Dec"
592,a,a,2540.0,6,2005,0,0,0,NoPromo
593,a,c,33060.0,3,2010,0,0,0,NoPromo
594,a,a,1790.0,10,2011,0,0,0,NoPromo
595,c,c,1130.0,6,2015,0,0,0,NoPromo
596,c,a,290.0,9,2006,0,0,0,NoPromo
597,a,a,150.0,9,2008,1,1,2012,"Mar,Jun,Sep,Dec"
598,c,a,550.0,12,2013,1,40,2014,"Jan,Apr,Jul,Oct"
599,d,c,580.0,11,2014,0,0,0,NoPromo
600,d,c,17340.0,6,2010,1,9,2011,"Feb,May,Aug,Nov"
601,d,a,8220.0,4,2014,1,14,2011,"Jan,Apr,Jul,Oct"
602,a,a,2710.0,7,2001,1,22,2012,"Mar,Jun,Sep,Dec"
603,a,a,340.0,4,2007,1,13,2010,"Jan,Apr,Jul,Oct"
604,d,a,10950.0,3,2014,0,0,0,NoPromo
605,d,a,10310.0,4,2003,1,37,2009,"Jan,Apr,Jul,Oct"
606,a,a,2260.0,11,2007,0,0,0,NoPromo
607,a,a,350.0,8,1999,1,14,2011,"Jan,Apr,Jul,Oct"
608,a,c,18370.0,2,2013,1,14,2011,"Jan,Apr,Jul,Oct"
609,a,a,2070.0,9,2007,0,0,0,NoPromo
610,a,a,660.0,1,2007,0,0,0,NoPromo
611,a,a,8080.0,12,2002,1,40,2014,"Jan,Apr,Jul,Oct"
612,d,c,2490.0,11,2012,1,31,2009,"Jan,Apr,Jul,Oct"
613,c,a,250.0,6,2007,1,14,2011,"Jan,Apr,Jul,Oct"
614,a,a,1160.0,12,2012,0,0,0,NoPromo
615,d,a,730.0,8,2007,0,0,0,NoPromo
616,a,c,3040.0,8,2011,1,35,2010,"Mar,Jun,Sep,Dec"
617,a,c,8940.0,0,0,1,9,2011,"Jan,Apr,Jul,Oct"
618,d,c,9910.0,0,0,0,0,0,NoPromo
619,a,a,1600.0,6,2006,1,45,2009,"Feb,May,Aug,Nov"
620,d,c,5440.0,0,0,1,40,2014,"Jan,Apr,Jul,Oct"
621,a,a,30.0,7,2002,0,0,0,NoPromo
622,a,c,2325.0,0,0,0,0,0,NoPromo
623,a,a,4080.0,3,2011,1,13,2010,"Jan,Apr,Jul,Oct"
624,a,c,6920.0,9,2011,0,0,0,NoPromo
625,a,a,1170.0,4,2011,1,22,2012,"Feb,May,Aug,Nov"
626,c,c,10740.0,11,2013,0,0,0,NoPromo
627,c,c,3970.0,3,2010,0,0,0,NoPromo
628,a,c,2180.0,0,0,0,0,0,NoPromo
629,d,a,510.0,7,2014,1,23,2015,"Mar,Jun,Sep,Dec"
630,a,a,1690.0,4,2015,0,0,0,NoPromo
631,d,c,2870.0,0,0,1,35,2012,"Mar,Jun,Sep,Dec"
632,a,a,3350.0,2,2010,0,0,0,NoPromo
633,d,a,11640.0,4,2005,1,22,2011,"Jan,Apr,Jul,Oct"
634,d,a,18610.0,0,0,0,0,0,NoPromo
635,a,a,27530.0,4,2014,0,0,0,NoPromo
636,c,a,720.0,10,2004,1,13,2010,"Jan,Apr,Jul,Oct"
637,d,c,9790.0,0,0,1,31,2009,"Feb,May,Aug,Nov"
638,d,a,10170.0,11,2001,0,0,0,NoPromo
639,a,a,7780.0,11,2006,0,0,0,NoPromo
640,d,c,8040.0,0,0,0,0,0,NoPromo
641,a,c,610.0,12,2003,1,36,2013,"Mar,Jun,Sep,Dec"
642,c,c,530.0,4,2005,1,35,2010,"Mar,Jun,Sep,Dec"
643,a,a,230.0,6,2010,1,18,2010,"Feb,May,Aug,Nov"
644,c,a,4030.0,12,2004,1,14,2011,"Jan,Apr,Jul,Oct"
645,a,a,90.0,0,0,1,45,2009,"Feb,May,Aug,Nov"
646,a,a,620.0,9,2014,0,0,0,NoPromo
647,a,c,7420.0,4,2013,0,0,0,NoPromo
648,d,a,2130.0,12,2008,0,0,0,NoPromo
649,a,a,14570.0,11,2002,0,0,0,NoPromo
650,a,a,1420.0,10,2012,1,40,2014,"Jan,Apr,Jul,Oct"
651,a,a,200.0,0,0,0,0,0,NoPromo
652,a,a,20390.0,0,0,0,0,0,NoPromo
653,d,c,7520.0,7,2014,1,45,2009,"Feb,May,Aug,Nov"
654,c,a,6930.0,9,2006,0,0,0,NoPromo
655,d,c,960.0,11,2012,1,5,2013,"Feb,May,Aug,Nov"
656,d,a,410.0,4,2009,1,13,2010,"Jan,Apr,Jul,Oct"
657,c,c,80.0,1,2006,1,10,2014,"Jan,Apr,Jul,Oct"
658,d,c,520.0,0,0,1,37,2009,"Jan,Apr,Jul,Oct"
659,d,a,1590.0,3,2012,0,0,0,NoPromo
660,a,a,1200.0,11,2006,1,40,2014,"Jan,Apr,Jul,Oct"
661,d,c,2140.0,7,2013,0,0,0,NoPromo
662,d,a,1070.0,0,0,0,0,0,NoPromo
663,a,c,7860.0,5,2005,0,0,0,NoPromo
664,d,c,1680.0,10,2005,0,0,0,NoPromo
665,a,a,90.0,12,2012,1,14,2011,"Jan,Apr,Jul,Oct"
666,c,c,2700.0,0,0,1,9,2011,"Mar,Jun,Sep,Dec"
667,d,c,2870.0,9,2012,0,0,0,NoPromo
668,c,a,1270.0,9,2010,0,0,0,NoPromo
669,d,a,17080.0,7,2012,1,31,2013,"Jan,Apr,Jul,Oct"
670,a,a,2060.0,0,0,1,45,2009,"Feb,May,Aug,Nov"
671,a,c,2070.0,2,2008,1,39,2010,"Jan,Apr,Jul,Oct"
672,c,a,240.0,9,2002,0,0,0,NoPromo
673,d,c,15170.0,0,0,1,5,2013,"Feb,May,Aug,Nov"
674,a,a,2640.0,12,2005,1,31,2013,"Feb,May,Aug,Nov"
675,a,a,2100.0,8,2013,1,14,2011,"Jan,Apr,Jul,Oct"
676,b,b,1410.0,9,2008,0,0,0,NoPromo
677,d,a,1740.0,6,2014,1,45,2009,"Feb,May,Aug,Nov"
678,c,a,3250.0,0,0,1,40,2011,"Jan,Apr,Jul,Oct"
679,a,a,4140.0,9,2012,0,0,0,NoPromo
680,c,a,170.0,0,0,1,35,2012,"Mar,Jun,Sep,Dec"
681,a,c,620.0,0,0,1,1,2014,"Mar,Jun,Sep,Dec"
682,b,a,150.0,9,2006,0,0,0,NoPromo
683,a,a,2850.0,7,2014,0,0,0,NoPromo
684,d,c,680.0,0,0,1,22,2012,"Jan,Apr,Jul,Oct"
685,a,a,650.0,11,2013,1,37,2009,"Jan,Apr,Jul,Oct"
686,a,a,20050.0,4,2002,0,0,0,NoPromo
687,d,c,2770.0,0,0,0,0,0,NoPromo
688,a,a,18760.0,8,2015,1,14,2011,"Jan,Apr,Jul,Oct"
689,d,a,15040.0,10,2004,0,0,0,NoPromo
690,a,a,100.0,0,0,0,0,0,NoPromo
691,d,c,3030.0,0,0,1,37,2009,"Jan,Apr,Jul,Oct"
692,a,a,40.0,8,2001,0,0,0,NoPromo
693,d,a,450.0,0,0,1,40,2011,"Jan,Apr,Jul,Oct"
694,a,c,460.0,11,2012,1,40,2014,"Jan,Apr,Jul,Oct"
695,a,a,550.0,7,2011,1,1,2012,"Jan,Apr,Jul,Oct"
696,a,c,430.0,0,0,0,0,0,NoPromo
697,d,a,3780.0,0,0,1,40,2011,"Jan,Apr,Jul,Oct"
698,a,a,1790.0,5,2011,0,0,0,NoPromo
699,a,a,180.0,0,0,1,5,2013,"Jan,Apr,Jul,Oct"
700,a,c,830.0,0,0,1,27,2013,"Jan,Apr,Jul,Oct"
701,d,a,1450.0,3,2012,1,14,2011,"Jan,Apr,Jul,Oct"
702,a,a,8550.0,9,2001,1,45,2009,"Feb,May,Aug,Nov"
703,a,a,80.0,6,2005,0,0,0,NoPromo
704,d,c,1910.0,4,2009,0,0,0,NoPromo
705,a,a,4140.0,9,2012,1,18,2011,"Feb,May,Aug,Nov"
706,d,a,7830.0,9,2014,1,10,2014,"Mar,Jun,Sep,Dec"
707,a,c,2900.0,7,1990,0,0,0,NoPromo
708,c,c,11470.0,10,2009,1,18,2014,"Jan,Apr,Jul,Oct"
709,a,a,500.0,12,2010,0,0,0,NoPromo
710,d,a,1500.0,9,2008,1,14,2011,"Jan,Apr,Jul,Oct"
711,d,a,17110.0,3,2007,1,5,2010,"Jan,Apr,Jul,Oct"
712,a,a,4870.0,9,2007,1,45,2009,"Jan,Apr,Jul,Oct"
713,a,c,220.0,0,0,1,10,2014,"Jan,Apr,Jul,Oct"
714,d,c,12070.0,10,2005,1,10,2013,"Jan,Apr,Jul,Oct"
715,a,a,14810.0,6,2014,0,0,0,NoPromo
716,d,a,3200.0,1,2008,1,22,2011,"Jan,Apr,Jul,Oct"
717,d,c,310.0,0,0,1,40,2011,"Jan,Apr,Jul,Oct"
718,a,a,1100.0,6,2015,0,0,0,NoPromo
719,c,c,8190.0,0,0,1,45,2009,"Feb,May,Aug,Nov"
720,a,c,15320.0,3,2011,1,14,2013,"Feb,May,Aug,Nov"
721,a,c,3590.0,9,2012,1,22,2012,"Mar,Jun,Sep,Dec"
722,a,a,50.0,0,0,0,0,0,NoPromo
723,d,c,5650.0,9,2008,1,5,2013,"Feb,May,Aug,Nov"
724,d,c,5900.0,0,0,0,0,0,NoPromo
725,d,c,17540.0,6,2012,0,0,0,NoPromo
726,a,c,40540.0,2,2002,0,0,0,NoPromo
727,a,a,2050.0,3,2007,0,0,0,NoPromo
728,d,a,13990.0,0,0,1,14,2011,"Jan,Apr,Jul,Oct"
729,c,c,8980.0,6,2011,0,0,0,NoPromo
730,c,a,1190.0,9,2013,0,0,0,NoPromo
731,a,a,15270.0,0,0,1,10,2014,"Jan,Apr,Jul,Oct"
732,a,c,35280.0,0,0,0,0,0,NoPromo
733,b,b,860.0,10,1999,0,0,0,NoPromo
734,a,a,220.0,0,0,1,36,2013,"Mar,Jun,Sep,Dec"
735,d,c,1920.0,4,2005,0,0,0,NoPromo
736,c,c,1650.0,0,0,1,14,2011,"Jan,Apr,Jul,Oct"
737,a,a,100.0,5,2007,1,31,2013,"Jan,Apr,Jul,Oct"
738,d,c,5980.0,10,2005,0,0,0,NoPromo
739,d,c,2770.0,6,2008,1,22,2011,"Jan,Apr,Jul,Oct"
740,d,a,6400.0,3,2014,0,0,0,NoPromo
741,d,c,11900.0,0,0,0,0,0,NoPromo
742,d,c,4380.0,0,0,0,0,0,NoPromo
743,a,a,6710.0,11,2003,1,14,2012,"Jan,Apr,Jul,Oct"
744,a,a,1370.0,12,2011,1,40,2014,"Jan,Apr,Jul,Oct"
745,a,a,17650.0,11,2013,1,37,2009,"Jan,Apr,Jul,Oct"
746,d,c,4330.0,2,2011,1,35,2011,"Mar,Jun,Sep,Dec"
747,c,c,45740.0,8,2008,0,0,0,NoPromo
748,d,a,2380.0,3,2010,1,14,2011,"Jan,Apr,Jul,Oct"
749,a,a,3410.0,8,2011,1,14,2015,"Jan,Apr,Jul,Oct"
750,d,a,8670.0,2,2002,1,14,2011,"Jan,Apr,Jul,Oct"
751,a,a,650.0,10,2006,0,0,0,NoPromo
752,a,a,970.0,3,2013,1,31,2013,"Feb,May,Aug,Nov"
753,d,c,540.0,11,2012,1,35,2010,"Mar,Jun,Sep,Dec"
754,c,c,380.0,5,2008,1,10,2014,"Mar,Jun,Sep,Dec"
755,d,c,13130.0,12,2003,0,0,0,NoPromo
756,a,c,50.0,0,0,1,40,2011,"Jan,Apr,Jul,Oct"
757,a,c,3450.0,0,0,0,0,0,NoPromo
758,a,c,19780.0,6,2008,0,0,0,NoPromo
759,a,a,110.0,11,2012,1,31,2013,"Feb,May,Aug,Nov"
760,a,a,560.0,1,2011,0,0,0,NoPromo
761,a,a,2390.0,9,2012,0,0,0,NoPromo
762,d,c,1280.0,0,0,1,10,2013,"Mar,Jun,Sep,Dec"
763,d,c,32240.0,3,2010,0,0,0,NoPromo
764,a,c,26490.0,0,0,1,10,2014,"Mar,Jun,Sep,Dec"
765,a,c,25430.0,5,1999,1,37,2009,"Jan,Apr,Jul,Oct"
766,d,c,9820.0,0,0,0,0,0,NoPromo
767,a,c,13080.0,0,0,0,0,0,NoPromo
768,a,c,2630.0,9,2012,0,0,0,NoPromo
769,b,b,840.0,0,0,1,48,2012,"Jan,Apr,Jul,Oct"
770,a,c,100.0,4,2015,0,0,0,NoPromo
771,a,a,20640.0,9,2007,0,0,0,NoPromo
772,d,c,1850.0,0,0,0,0,0,NoPromo
773,a,a,200.0,0,0,0,0,0,NoPromo
774,a,c,640.0,9,2013,0,0,0,NoPromo
775,d,c,6970.0,12,2005,1,22,2011,"Jan,Apr,Jul,Oct"
776,c,a,700.0,4,2009,1,14,2011,"Jan,Apr,Jul,Oct"
777,d,c,8250.0,10,2004,1,10,2013,"Mar,Jun,Sep,Dec"
778,a,a,340.0,6,2003,1,40,2014,"Jan,Apr,Jul,Oct"
779,a,a,16990.0,4,2004,0,0,0,NoPromo
780,a,a,18160.0,0,0,0,0,0,NoPromo
781,a,a,630.0,4,2007,0,0,0,NoPromo
782,c,c,5390.0,8,2003,1,1,2012,"Jan,Apr,Jul,Oct"
783,d,c,15490.0,0,0,0,0,0,NoPromo
784,a,a,560.0,10,2014,1,10,2014,"Jan,Apr,Jul,Oct"
785,d,c,970.0,7,2005,1,31,2013,"Feb,May,Aug,Nov"
786,a,a,290.0,11,2006,1,5,2013,"Feb,May,Aug,Nov"
787,c,c,3210.0,6,2009,0,0,0,NoPromo
788,a,c,1530.0,3,2013,0,0,0,NoPromo
789,a,c,9770.0,7,2003,0,0,0,NoPromo
790,d,c,9070.0,12,2003,0,0,0,NoPromo
791,a,a,5950.0,4,2007,0,0,0,NoPromo
792,d,a,17280.0,10,2009,1,18,2011,"Feb,May,Aug,Nov"
793,d,a,2710.0,7,2006,0,0,0,NoPromo
794,c,c,5090.0,9,2006,0,0,0,NoPromo
795,d,a,510.0,0,0,1,35,2010,"Mar,Jun,Sep,Dec"
796,a,c,7180.0,11,2012,0,0,0,NoPromo
797,a,a,2090.0,10,2012,1,40,2014,"Jan,Apr,Jul,Oct"
798,a,a,9560.0,4,2001,0,0,0,NoPromo
799,a,c,2700.0,0,0,0,0,0,NoPromo
800,d,a,2020.0,7,2014,0,0,0,NoPromo
801,d,a,48330.0,4,2013,0,0,0,NoPromo
802,a,c,910.0,0,0,1,22,2011,"Feb,May,Aug,Nov"
803,d,a,1760.0,0,0,1,10,2014,"Mar,Jun,Sep,Dec"
804,c,c,2100.0,0,0,1,1,2013,"Jan,Apr,Jul,Oct"
805,d,a,24770.0,10,2011,1,10,2014,"Mar,Jun,Sep,Dec"
806,d,a,260.0,0,0,1,44,2010,"Feb,May,Aug,Nov"
807,a,a,3870.0,4,2008,0,0,0,NoPromo
808,a,a,18620.0,0,0,1,31,2009,"Feb,May,Aug,Nov"
809,a,a,12770.0,10,2000,0,0,0,NoPromo
810,d,c,9640.0,11,2013,0,0,0,NoPromo
811,a,a,410.0,9,2012,0,0,0,NoPromo
812,d,a,2590.0,9,2012,0,0,0,NoPromo
813,a,a,1560.0,9,2003,0,0,0,NoPromo
814,d,c,24530.0,7,2013,0,0,0,NoPromo
815,a,a,590.0,0,0,1,40,2014,"Jan,Apr,Jul,Oct"
816,c,c,460.0,0,0,0,0,0,NoPromo
817,a,a,140.0,3,2006,0,0,0,NoPromo
818,d,a,490.0,0,0,1,35,2010,"Mar,Jun,Sep,Dec"
819,a,c,720.0,10,2014,0,0,0,NoPromo
820,a,c,1650.0,0,0,1,40,2014,"Jan,Apr,Jul,Oct"
821,a,a,1700.0,9,2009,0,0,0,NoPromo
822,a,c,410.0,11,2010,1,48,2010,"Mar,Jun,Sep,Dec"
823,a,c,16210.0,11,2010,0,0,0,NoPromo
824,a,a,17570.0,0,0,0,0,0,NoPromo
825,a,a,380.0,5,2011,1,40,2014,"Jan,Apr,Jul,Oct"
826,a,c,7980.0,6,2005,0,0,0,NoPromo
827,a,c,250.0,1,2005,0,0,0,NoPromo
828,d,c,3290.0,12,2014,0,0,0,NoPromo
829,c,a,110.0,0,0,0,0,0,NoPromo
830,a,c,6320.0,0,0,1,5,2011,"Jan,Apr,Jul,Oct"
831,a,a,800.0,6,2007,0,0,0,NoPromo
832,d,a,5070.0,0,0,1,45,2009,"Feb,May,Aug,Nov"
833,d,c,3290.0,12,1999,1,35,2010,"Mar,Jun,Sep,Dec"
834,a,a,3470.0,3,2012,0,0,0,NoPromo
835,a,a,2890.0,12,2007,1,10,2014,"Mar,Jun,Sep,Dec"
836,a,a,2720.0,9,2012,0,0,0,NoPromo
837,a,c,14600.0,4,2015,0,0,0,NoPromo
838,d,c,6890.0,0,0,1,48,2011,"Mar,Jun,Sep,Dec"
839,c,a,240.0,1,2015,0,0,0,NoPromo
840,a,a,1070.0,9,2009,0,0,0,NoPromo
841,a,a,27650.0,8,2004,0,0,0,NoPromo
842,d,c,1200.0,11,2007,0,0,0,NoPromo
843,c,a,60.0,4,2006,0,0,0,NoPromo
844,a,a,2030.0,9,2012,1,18,2011,"Feb,May,Aug,Nov"
845,d,a,7860.0,11,2005,1,14,2011,"Jan,Apr,Jul,Oct"
846,a,c,8860.0,4,2004,1,37,2009,"Jan,Apr,Jul,Oct"
847,c,c,190.0,0,0,1,31,2013,"Feb,May,Aug,Nov"
848,a,c,370.0,7,2007,1,14,2011,"Jan,Apr,Jul,Oct"
849,c,c,5000.0,0,0,0,0,0,NoPromo
850,d,a,1120.0,5,2007,1,31,2013,"Jan,Apr,Jul,Oct"
851,d,c,2330.0,0,0,1,49,2014,"Mar,Jun,Sep,Dec"
852,c,a,940.0,4,2004,1,14,2011,"Jan,Apr,Jul,Oct"
853,a,a,14040.0,0,0,0,0,0,NoPromo
854,c,a,4770.0,0,0,1,13,2010,"Jan,Apr,Jul,Oct"
855,a,a,3440.0,0,0,1,45,2009,"Feb,May,Aug,Nov"
856,a,a,3020.0,2,2010,0,0,0,NoPromo
857,c,a,6270.0,8,2005,1,23,2014,"Mar,Jun,Sep,Dec"
858,a,a,3370.0,12,2008,1,40,2014,"Jan,Apr,Jul,Oct"
859,c,a,21770.0,7,2015,0,0,0,NoPromo
860,c,c,5980.0,2,2010,0,0,0,NoPromo
861,c,c,740.0,0,0,1,14,2013,"Mar,Jun,Sep,Dec"
862,a,c,2840.0,3,2010,1,14,2011,"Jan,Apr,Jul,Oct"
863,a,c,21370.0,11,2010,0,0,0,NoPromo
864,a,a,1020.0,10,2012,1,45,2009,"Feb,May,Aug,Nov"
865,d,c,2640.0,0,0,0,0,0,NoPromo
866,d,a,9680.0,0,0,1,5,2013,"Feb,May,Aug,Nov"
867,d,c,21810.0,9,2012,0,0,0,NoPromo
868,d,c,1360.0,8,2005,1,10,2014,"Jan,Apr,Jul,Oct"
869,c,a,230.0,10,2001,1,14,2011,"Jan,Apr,Jul,Oct"
870,a,a,780.0,4,2009,0,0,0,NoPromo
871,d,c,10620.0,0,0,0,0,0,NoPromo
872,a,c,3860.0,9,2014,1,23,2015,"Mar,Jun,Sep,Dec"
873,a,a,2040.0,11,2008,0,0,0,NoPromo
874,a,a,3210.0,0,0,0,0,0,NoPromo
875,d,a,5070.0,11,2007,1,18,2015,"Feb,May,Aug,Nov"
876,a,a,21790.0,4,2005,1,18,2015,"Feb,May,Aug,Nov"
877,a,c,29190.0,0,0,0,0,0,NoPromo
878,d,c,1100.0,12,2014,0,0,0,NoPromo
879,d,a,2325.0,0,0,1,5,2013,"Feb,May,Aug,Nov"
880,a,c,4570.0,0,0,0,0,0,NoPromo
881,a,a,180.0,3,2008,1,31,2013,"Feb,May,Aug,Nov"
882,a,a,30.0,4,2013,0,0,0,NoPromo
883,a,a,3200.0,6,2005,0,0,0,NoPromo
884,d,c,7550.0,0,0,0,0,0,NoPromo
885,a,a,480.0,12,2005,0,0,0,NoPromo
886,a,c,12430.0,10,2004,0,0,0,NoPromo
887,d,a,19700.0,0,0,1,37,2009,"Jan,Apr,Jul,Oct"
888,d,a,4450.0,6,2012,1,35,2012,"Mar,Jun,Sep,Dec"
889,d,a,18670.0,12,2005,0,0,0,NoPromo
890,a,a,4450.0,0,0,1,14,2011,"Jan,Apr,Jul,Oct"
891,a,c,350.0,0,0,1,31,2013,"Feb,May,Aug,Nov"
892,a,a,19370.0,4,2002,0,0,0,NoPromo
893,a,a,130.0,0,0,1,1,2013,"Jan,Apr,Jul,Oct"
894,a,a,190.0,11,2012,0,0,0,NoPromo
895,a,c,4150.0,0,0,0,0,0,NoPromo
896,a,c,170.0,9,2012,0,0,0,NoPromo
897,c,c,3290.0,1,2007,1,5,2013,"Feb,May,Aug,Nov"
898,a,a,18540.0,0,0,0,0,0,NoPromo
899,d,a,2590.0,0,0,1,13,2010,"Jan,Apr,Jul,Oct"
900,a,a,3920.0,4,2005,1,40,2014,"Jan,Apr,Jul,Oct"
901,a,c,3170.0,4,2014,0,0,0,NoPromo
902,a,a,310.0,5,2015,1,40,2014,"Jan,Apr,Jul,Oct"
903,d,c,7290.0,9,2014,0,0,0,NoPromo
904,d,c,570.0,7,2013,1,14,2011,"Jan,Apr,Jul,Oct"
905,a,a,90.0,6,2014,0,0,0,NoPromo
906,a,a,90.0,7,2010,0,0,0,NoPromo
907,a,c,250.0,0,0,0,0,0,NoPromo
908,a,a,1980.0,7,2010,1,37,2009,"Jan,Apr,Jul,Oct"
909,a,c,1680.0,0,0,1,45,2009,"Feb,May,Aug,Nov"
910,d,c,12480.0,0,0,1,1,2013,"Jan,Apr,Jul,Oct"
911,a,c,16490.0,0,0,0,0,0,NoPromo
912,c,c,3100.0,5,2010,0,0,0,NoPromo
913,a,a,280.0,0,0,0,0,0,NoPromo
914,c,c,2640.0,4,2011,1,22,2012,"Mar,Jun,Sep,Dec"
915,d,c,650.0,3,2013,1,40,2014,"Jan,Apr,Jul,Oct"
916,a,a,90.0,11,2012,0,0,0,NoPromo
917,a,a,7240.0,2,2010,0,0,0,NoPromo
918,a,c,18710.0,4,2015,0,0,0,NoPromo
919,a,a,2620.0,0,0,1,45,2009,"Feb,May,Aug,Nov"
920,a,a,850.0,2,2012,1,40,2014,"Jan,Apr,Jul,Oct"
921,a,a,840.0,9,2006,0,0,0,NoPromo
922,d,a,2110.0,3,2006,0,0,0,NoPromo
923,a,a,280.0,9,2008,0,0,0,NoPromo
924,a,a,6420.0,4,2011,1,1,2012,"Jan,Apr,Jul,Oct"
925,c,a,470.0,3,2007,1,1,2012,"Jan,Apr,Jul,Oct"
926,d,c,5150.0,3,2011,1,13,2010,"Jan,Apr,Jul,Oct"
927,a,a,480.0,0,0,0,0,0,NoPromo
928,d,c,1090.0,0,0,1,31,2013,"Feb,May,Aug,Nov"
929,a,c,4820.0,9,2013,0,0,0,NoPromo
930,a,a,70.0,0,0,0,0,0,NoPromo
931,a,c,1480.0,9,2011,1,1,2012,"Jan,Apr,Jul,Oct"
932,a,a,15700.0,0,0,1,13,2010,"Jan,Apr,Jul,Oct"
933,a,c,6270.0,2,2005,0,0,0,NoPromo
934,a,c,5460.0,0,0,1,14,2011,"Jan,Apr,Jul,Oct"
935,a,c,22350.0,6,2010,0,0,0,NoPromo
936,a,a,580.0,2,2008,0,0,0,NoPromo
937,d,a,2810.0,0,0,1,10,2014,"Jan,Apr,Jul,Oct"
938,a,a,2820.0,9,2009,0,0,0,NoPromo
939,d,a,1340.0,0,0,0,0,0,NoPromo
940,d,c,6470.0,9,2012,0,0,0,NoPromo
941,a,a,1200.0,12,2011,1,31,2013,"Jan,Apr,Jul,Oct"
942,d,c,6860.0,0,0,1,18,2011,"Jan,Apr,Jul,Oct"
943,d,c,18020.0,0,0,0,0,0,NoPromo
944,c,a,1670.0,7,2015,0,0,0,NoPromo
945,a,c,12480.0,3,2011,0,0,0,NoPromo
946,a,a,2220.0,12,2011,1,14,2015,"Jan,Apr,Jul,Oct"
947,a,a,460.0,3,2014,1,13,2010,"Jan,Apr,Jul,Oct"
948,b,b,1430.0,0,0,0,0,0,NoPromo
949,a,a,870.0,3,2006,0,0,0,NoPromo
950,a,a,8460.0,11,1994,0,0,0,NoPromo
951,d,c,710.0,0,0,1,40,2011,"Jan,Apr,Jul,Oct"
952,d,c,6300.0,10,2013,0,0,0,NoPromo
953,a,a,19830.0,4,2006,1,22,2011,"Mar,Jun,Sep,Dec"
954,a,a,390.0,2,2013,1,10,2014,"Jan,Apr,Jul,Oct"
955,d,c,1690.0,7,2009,1,36,2013,"Mar,Jun,Sep,Dec"
956,a,a,2330.0,10,2014,1,18,2011,"Feb,May,Aug,Nov"
957,d,c,1420.0,11,2012,0,0,0,NoPromo
958,a,a,440.0,11,2013,0,0,0,NoPromo
959,a,c,1060.0,12,2005,0,0,0,NoPromo
960,d,a,8990.0,0,0,1,31,2009,"Feb,May,Aug,Nov"
961,d,c,9430.0,0,0,0,0,0,NoPromo
962,c,a,260.0,0,0,0,0,0,NoPromo
963,a,c,23620.0,11,2013,0,0,0,NoPromo
964,a,a,270.0,0,0,1,5,2013,"Feb,May,Aug,Nov"
965,a,c,110.0,0,0,0,0,0,NoPromo
966,a,a,760.0,2,2008,0,0,0,NoPromo
967,a,c,3560.0,9,2013,1,36,2013,"Jan,Apr,Jul,Oct"
968,c,a,1190.0,0,0,0,0,0,NoPromo
969,a,c,600.0,11,1999,1,10,2013,"Jan,Apr,Jul,Oct"
970,a,a,910.0,12,2014,1,37,2009,"Jan,Apr,Jul,Oct"
971,c,a,1140.0,5,2011,1,14,2012,"Mar,Jun,Sep,Dec"
972,a,a,14960.0,0,0,0,0,0,NoPromo
973,d,c,330.0,0,0,1,28,2012,"Jan,Apr,Jul,Oct"
974,a,a,150.0,3,2011,1,40,2014,"Jan,Apr,Jul,Oct"
975,a,c,9630.0,0,0,1,14,2011,"Jan,Apr,Jul,Oct"
976,a,a,4180.0,0,0,0,0,0,NoPromo
977,a,a,520.0,9,2005,1,13,2010,"Jan,Apr,Jul,Oct"
978,c,c,3890.0,0,0,0,0,0,NoPromo
979,a,c,2270.0,11,2005,1,14,2011,"Jan,Apr,Jul,Oct"
980,a,a,4420.0,9,2005,0,0,0,NoPromo
981,d,c,2620.0,11,2002,0,0,0,NoPromo
982,d,a,21930.0,0,0,0,0,0,NoPromo
983,a,a,40.0,3,2014,1,1,2014,"Jan,Apr,Jul,Oct"
984,c,a,440.0,0,0,1,1,2013,"Jan,Apr,Jul,Oct"
985,c,c,490.0,5,2007,1,13,2010,"Jan,Apr,Jul,Oct"
986,a,a,620.0,10,2014,1,18,2014,"Feb,May,Aug,Nov"
987,c,a,1690.0,6,2007,0,0,0,NoPromo
988,a,a,30.0,11,2012,0,0,0,NoPromo
989,a,a,1640.0,6,2006,1,40,2011,"Jan,Apr,Jul,Oct"
990,d,a,20930.0,0,0,0,0,0,NoPromo
991,a,a,1010.0,0,0,0,0,0,NoPromo
992,a,a,2480.0,7,1990,0,0,0,NoPromo
993,d,c,3460.0,10,2013,1,10,2014,"Jan,Apr,Jul,Oct"
994,a,a,2290.0,7,2011,1,1,2012,"Jan,Apr,Jul,Oct"
995,d,a,6560.0,12,2013,0,0,0,NoPromo
996,c,a,2870.0,7,2015,1,13,2010,"Jan,Apr,Jul,Oct"
997,d,c,5840.0,7,2010,1,37,2009,"Jan,Apr,Jul,Oct"
998,a,a,780.0,9,2005,1,5,2013,"Feb,May,Aug,Nov"
999,d,c,15140.0,2,2002,1,37,2009,"Jan,Apr,Jul,Oct"
1000,a,c,2230.0,5,2009,1,40,2014,"Jan,Apr,Jul,Oct"
1001,c,a,19640.0,0,0,1,14,2011,"Jan,Apr,Jul,Oct"
1002,d,c,1130.0,11,2008,0,0,0,NoPromo
1003,a,a,170.0,7,2013,1,27,2013,"Jan,Apr,Jul,Oct"
1004,d,c,970.0,0,0,1,9,2011,"Mar,Jun,Sep,Dec"
1005,a,a,6480.0,0,0,0,0,0,NoPromo
1006,c,c,3890.0,11,2006,1,5,2013,"Feb,May,Aug,Nov"
1007,c,c,4180.0,9,2012,0,0,0,NoPromo
1008,a,c,30.0,9,2010,0,0,0,NoPromo
1009,a,a,230.0,7,2004,1,10,2014,"Jan,Apr,Jul,Oct"
1010,d,c,4610.0,6,2010,1,18,2010,"Feb,May,Aug,Nov"
1011,a,c,490.0,9,2012,1,18,2011,"Feb,May,Aug,Nov"
1012,d,c,6330.0,6,2004,1,39,2010,"Jan,Apr,Jul,Oct"
1013,a,a,630.0,2,2015,1,31,2013,"Feb,May,Aug,Nov"
1014,a,c,210.0,0,0,1,31,2013,"Jan,Apr,Jul,Oct"
1015,d,c,9910.0,12,2010,1,9,2011,"Mar,Jun,Sep,Dec"
1016,c,c,550.0,0,0,1,35,2010,"Mar,Jun,Sep,Dec"
1017,c,a,110.0,11,2008,0,0,0,NoPromo
1018,c,c,140.0,9,2012,0,0,0,NoPromo
1019,d,c,2740.0,7,2014,1,13,2010,"Jan,Apr,Jul,Oct"
1020,a,a,40.0,8,2015,0,0,0,NoPromo
1021,a,a,1080.0,5,2011,0,0,0,NoPromo
1022,a,c,1520.0,0,0,0,0,0,NoPromo
1023,c,a,3740.0,2,2002,1,14,2011,"Jan,Apr,Jul,Oct"
1024,c,c,1990.0,1,2012,0,0,0,NoPromo
1025,a,a,720.0,11,2009,0,0,0,NoPromo
1026,c,a,450.0,6,2011,1,48,2012,"Mar,Jun,Sep,Dec"
1027,a,c,190.0,6,2008,1,40,2011,"Jan,Apr,Jul,Oct"
1028,a,a,150.0,0,0,1,31,2013,"Jan,Apr,Jul,Oct"
1029,a,a,1590.0,3,2006,0,0,0,NoPromo
1030,a,a,36410.0,4,2008,0,0,0,NoPromo
1031,d,a,590.0,5,2001,0,0,0,NoPromo
1032,d,c,270.0,2,2013,1,40,2012,"Jan,Apr,Jul,Oct"
1033,a,a,7680.0,3,2006,0,0,0,NoPromo
1034,a,a,13750.0,4,2015,0,0,0,NoPromo
1035,a,a,27150.0,0,0,0,0,0,NoPromo
1036,d,c,9560.0,0,0,1,36,2013,"Jan,Apr,Jul,Oct"
1037,a,c,150.0,0,0,0,0,0,NoPromo
1038,d,a,17290.0,10,2013,0,0,0,NoPromo
1039,a,c,70.0,6,1990,1,22,2012,"Mar,Jun,Sep,Dec"
1040,a,a,4030.0,2,2013,1,10,2014,"Jan,Apr,Jul,Oct"
1041,c,a,1600.0,8,2013,1,40,2014,"Jan,Apr,Jul,Oct"
1042,a,a,3440.0,0,0,1,31,2013,"Feb,May,Aug,Nov"
1043,c,a,420.0,3,2006,0,0,0,NoPromo
1044,c,a,240.0,4,2015,1,13,2010,"Jan,Apr,Jul,Oct"
1045,a,c,26990.0,12,2013,0,0,0,NoPromo
1046,d,c,29070.0,4,2005,0,0,0,NoPromo
1047,a,a,3750.0,0,0,1,45,2009,"Feb,May,Aug,Nov"
1048,d,c,1860.0,9,2012,1,40,2012,"Jan,Apr,Jul,Oct"
1049,a,a,370.0,7,2012,1,14,2011,"Jan,Apr,Jul,Oct"
1050,d,c,13170.0,8,2014,1,9,2011,"Mar,Jun,Sep,Dec"
1051,c,a,200.0,7,1998,1,1,2012,"Jan,Apr,Jul,Oct"
1052,a,c,5080.0,0,0,1,31,2013,"Feb,May,Aug,Nov"
1053,a,a,1710.0,7,2015,0,0,0,NoPromo
1054,a,c,13190.0,0,0,1,45,2013,"Feb,May,Aug,Nov"
1055,c,a,1980.0,4,2009,0,0,0,NoPromo
1056,d,c,5350.0,0,0,1,40,2012,"Jan,Apr,Jul,Oct"
1057,d,c,3230.0,11,2011,0,0,0,NoPromo
1058,a,c,180.0,0,0,1,35,2010,"Mar,Jun,Sep,Dec"
1059,c,a,3380.0,4,2013,0,0,0,NoPromo
1060,a,c,3430.0,0,0,1,31,2013,"Feb,May,Aug,Nov"
1061,d,c,8110.0,0,0,0,0,0,NoPromo
1062,d,a,190.0,9,2012,1,40,2012,"Feb,May,Aug,Nov"
1063,a,c,6250.0,0,0,0,0,0,NoPromo
1064,a,c,420.0,0,0,0,0,0,NoPromo
1065,a,a,1290.0,0,0,1,35,2011,"Mar,Jun,Sep,Dec"
1066,a,a,3350.0,0,0,0,0,0,NoPromo
1067,d,c,12020.0,7,2009,0,0,0,NoPromo
1068,d,c,5010.0,0,0,1,5,2013,"Jan,Apr,Jul,Oct"
1069,a,c,18050.0,0,0,1,14,2011,"Jan,Apr,Jul,Oct"
1070,c,c,400.0,10,2008,0,0,0,NoPromo
1071,a,a,820.0,3,2012,1,35,2012,"Mar,Jun,Sep,Dec"
1072,a,c,5380.0,8,2015,1,5,2010,"Feb,May,Aug,Nov"
1073,a,c,1710.0,0,0,1,44,2012,"Jan,Apr,Jul,Oct"
1074,c,c,3330.0,10,2001,1,14,2011,"Jan,Apr,Jul,Oct"
1075,a,c,1410.0,10,2013,0,0,0,NoPromo
1076,a,c,90.0,0,0,1,1,2013,"Jan,Apr,Jul,Oct"
1077,a,a,3750.0,11,2001,1,35,2010,"Mar,Jun,Sep,Dec"
1078,d,c,670.0,0,0,1,40,2011,"Jan,Apr,Jul,Oct"
1079,a,a,16680.0,0,0,1,37,2009,"Jan,Apr,Jul,Oct"
1080,a,a,2410.0,0,0,1,40,2014,"Jan,Apr,Jul,Oct"
1081,b,a,400.0,3,2006,0,0,0,NoPromo
1082,c,a,440.0,4,2002,0,0,0,NoPromo
1083,d,c,11540.0,0,0,1,5,2013,"Feb,May,Aug,Nov"
1084,a,a,190.0,0,0,1,13,2010,"Jan,Apr,Jul,Oct"
1085,c,a,4030.0,2,2015,0,0,0,NoPromo
1086,a,a,180.0,11,2013,1,18,2011,"Feb,May,Aug,Nov"
1087,d,c,2210.0,11,2011,0,0,0,NoPromo
1088,a,a,4300.0,3,2009,1,27,2013,"Jan,Apr,Jul,Oct"
1089,d,a,5220.0,5,2009,0,0,0,NoPromo
1090,a,a,330.0,0,0,1,14,2011,"Jan,Apr,Jul,Oct"
1091,a,c,9990.0,0,0,0,0,0,NoPromo
1092,a,a,300.0,7,2000,1,40,2014,"Jan,Apr,Jul,Oct"
1093,c,c,10450.0,6,2009,0,0,0,NoPromo
1094,d,a,2380.0,3,2013,1,40,2014,"Jan,Apr,Jul,Oct"
1095,a,a,690.0,6,2007,1,14,2011,"Jan,Apr,Jul,Oct"
1096,a,c,1130.0,0,0,1,10,2014,"Mar,Jun,Sep,Dec"
1097,b,b,720.0,3,2002,0,0,0,NoPromo
1098,a,a,1830.0,11,2004,0,0,0,NoPromo
1099,a,c,200.0,4,2013,1,14,2013,"Jan,Apr,Jul,Oct"
1100,a,a,540.0,0,0,1,14,2011,"Jan,Apr,Jul,Oct"
1101,d,c,4060.0,9,2012,0,0,0,NoPromo
1102,a,a,850.0,11,2012,1,40,2014,"Jan,Apr,Jul,Oct"
1103,d,c,1340.0,10,2006,1,5,2013,"Feb,May,Aug,Nov"
1104,d,a,260.0,2,2012,1,14,2011,"Jan,Apr,Jul,Oct"
1105,c,c,330.0,11,2008,1,5,2013,"Feb,May,Aug,Nov"
1106,a,c,5330.0,9,2011,1,31,2013,"Jan,Apr,Jul,Oct"
1107,a,a,1400.0,6,2012,1,13,2010,"Jan,Apr,Jul,Oct"
1108,a,a,540.0,4,2004,0,0,0,NoPromo
1109,c,a,3490.0,4,2011,1,22,2012,"Jan,Apr,Jul,Oct"
1110,c,c,900.0,9,2010,0,0,0,NoPromo
1111,a,a,1900.0,6,2014,1,31,2013,"Jan,Apr,Jul,Oct"
1112,c,c,1880.0,4,2006,0,0,0,NoPromo
1113,a,c,9260.0,0,0,0,0,0,NoPromo
1114,a,c,870.0,0,0,0,0,0,NoPromo
1115,d,c,5350.0,0,0,1,22,2012,"Mar,Jun,Sep,Dec"
